camera,imgtype,zoom,exposure,gain,frame,lifter,timestamp,id,plantbarcode,treatment,cartag,measurementlabel,other,image,trait,value,label
none,none,none,none,none,none,none,2019-06-10_11-54-22.585,0,A1,none,none,Pats Wheat Root Growth,002-0001,data\images\Pats Wheat Root Growth_002-0001_A1_2019-06-10_11-54-22.585_0.tif,segment_path_length,NA,NA
none,none,none,none,none,none,none,2019-06-10_11-54-22.585,0,A1,none,none,Pats Wheat Root Growth,002-0001,data\images\Pats Wheat Root Growth_002-0001_A1_2019-06-10_11-54-22.585_0.tif,segment_angle,NA,NA
none,none,none,none,none,none,none,2019-06-10_12-37-42.508,0,A1,none,none,Pats Wheat Root Growth,002-0001,data\images\Pats Wheat Root Growth_002-0001_A1_2019-06-10_12-37-42.508_0.tif,segment_path_length,NA,NA
none,none,none,none,none,none,none,2019-06-10_12-37-42.508,0,A1,none,none,Pats Wheat Root Growth,002-0001,data\images\Pats Wheat Root Growth_002-0001_A1_2019-06-10_12-37-42.508_0.tif,segment_angle,NA,NA
none,none,none,none,none,none,none,2019-06-10_14-40-44.257,0,A1,none,none,Pats Wheat Root Growth,002-0001,data\images\Pats Wheat Root Growth_002-0001_A1_2019-06-10_14-40-44.257_0.tif,segment_path_length,NA,NA
none,none,none,none,none,none,none,2019-06-10_14-40-44.257,0,A1,none,none,Pats Wheat Root Growth,002-0001,data\images\Pats Wheat Root Growth_002-0001_A1_2019-06-10_14-40-44.257_0.tif,segment_angle,NA,NA
none,none,none,none,none,none,none,2019-06-10_15-19-13.053,0,A1,none,none,Pats Wheat Root Growth,002-0001,data\images\Pats Wheat Root Growth_002-0001_A1_2019-06-10_15-19-13.053_0.tif,segment_path_length,NA,NA
none,none,none,none,none,none,none,2019-06-10_15-19-13.053,0,A1,none,none,Pats Wheat Root Growth,002-0001,data\images\Pats Wheat Root Growth_002-0001_A1_2019-06-10_15-19-13.053_0.tif,segment_angle,NA,NA
none,none,none,none,none,none,none,2019-06-10_16-19-07.841,0,A1,none,none,Pats Wheat Root Growth,002-0001,data\images\Pats Wheat Root Growth_002-0001_A1_2019-06-10_16-19-07.841_0.tif,segment_path_length,NA,NA
none,none,none,none,none,none,none,2019-06-10_16-19-07.841,0,A1,none,none,Pats Wheat Root Growth,002-0001,data\images\Pats Wheat Root Growth_002-0001_A1_2019-06-10_16-19-07.841_0.tif,segment_angle,NA,NA
none,none,none,none,none,none,none,2019-06-10_17-19-02.579,0,A1,none,none,Pats Wheat Root Growth,002-0001,data\images\Pats Wheat Root Growth_002-0001_A1_2019-06-10_17-19-02.579_0.tif,segment_path_length,NA,NA
none,none,none,none,none,none,none,2019-06-10_17-19-02.579,0,A1,none,none,Pats Wheat Root Growth,002-0001,data\images\Pats Wheat Root Growth_002-0001_A1_2019-06-10_17-19-02.579_0.tif,segment_angle,NA,NA
none,none,none,none,none,none,none,2019-06-10_18-21-15.995,0,A1,none,none,Pats Wheat Root Growth,002-0001,data\images\Pats Wheat Root Growth_002-0001_A1_2019-06-10_18-21-15.995_0.tif,segment_path_length,NA,NA
none,none,none,none,none,none,none,2019-06-10_18-21-15.995,0,A1,none,none,Pats Wheat Root Growth,002-0001,data\images\Pats Wheat Root Growth_002-0001_A1_2019-06-10_18-21-15.995_0.tif,segment_angle,NA,NA
none,none,none,none,none,none,none,2019-06-10_19-19-00.924,0,A1,none,none,Pats Wheat Root Growth,002-0001,data\images\Pats Wheat Root Growth_002-0001_A1_2019-06-10_19-19-00.924_0.tif,segment_path_length,NA,NA
none,none,none,none,none,none,none,2019-06-10_19-19-00.924,0,A1,none,none,Pats Wheat Root Growth,002-0001,data\images\Pats Wheat Root Growth_002-0001_A1_2019-06-10_19-19-00.924_0.tif,segment_angle,NA,NA
none,none,none,none,none,none,none,2019-06-10_20-19-11.694,0,A1,none,none,Pats Wheat Root Growth,002-0001,data\images\Pats Wheat Root Growth_002-0001_A1_2019-06-10_20-19-11.694_0.tif,segment_path_length,NA,NA
none,none,none,none,none,none,none,2019-06-10_20-19-11.694,0,A1,none,none,Pats Wheat Root Growth,002-0001,data\images\Pats Wheat Root Growth_002-0001_A1_2019-06-10_20-19-11.694_0.tif,segment_angle,NA,NA
none,none,none,none,none,none,none,2019-06-10_21-19-01.607,0,A1,none,none,Pats Wheat Root Growth,002-0001,data\images\Pats Wheat Root Growth_002-0001_A1_2019-06-10_21-19-01.607_0.tif,segment_path_length,NA,NA
none,none,none,none,none,none,none,2019-06-10_21-19-01.607,0,A1,none,none,Pats Wheat Root Growth,002-0001,data\images\Pats Wheat Root Growth_002-0001_A1_2019-06-10_21-19-01.607_0.tif,segment_angle,NA,NA
none,none,none,none,none,none,none,2019-06-10_22-19-03.741,0,A1,none,none,Pats Wheat Root Growth,002-0001,data\images\Pats Wheat Root Growth_002-0001_A1_2019-06-10_22-19-03.741_0.tif,segment_path_length,NA,NA
none,none,none,none,none,none,none,2019-06-10_22-19-03.741,0,A1,none,none,Pats Wheat Root Growth,002-0001,data\images\Pats Wheat Root Growth_002-0001_A1_2019-06-10_22-19-03.741_0.tif,segment_angle,NA,NA
none,none,none,none,none,none,none,2019-06-10_23-19-01.760,0,A1,none,none,Pats Wheat Root Growth,002-0001,data\images\Pats Wheat Root Growth_002-0001_A1_2019-06-10_23-19-01.760_0.tif,segment_path_length,NA,NA
none,none,none,none,none,none,none,2019-06-10_23-19-01.760,0,A1,none,none,Pats Wheat Root Growth,002-0001,data\images\Pats Wheat Root Growth_002-0001_A1_2019-06-10_23-19-01.760_0.tif,segment_angle,NA,NA
none,none,none,none,none,none,none,2019-06-11_00-19-07.974,0,A1,none,none,Pats Wheat Root Growth,002-0001,data\images\Pats Wheat Root Growth_002-0001_A1_2019-06-11_00-19-07.974_0.tif,segment_path_length,22.742640614509583,0
none,none,none,none,none,none,none,2019-06-11_00-19-07.974,0,A1,none,none,Pats Wheat Root Growth,002-0001,data\images\Pats Wheat Root Growth_002-0001_A1_2019-06-11_00-19-07.974_0.tif,segment_angle,82.21471383187668,0
none,none,none,none,none,none,none,2019-06-11_01-19-31.856,0,A1,none,none,Pats Wheat Root Growth,002-0001,data\images\Pats Wheat Root Growth_002-0001_A1_2019-06-11_01-19-31.856_0.tif,segment_path_length,47.985281229019165,0
none,none,none,none,none,none,none,2019-06-11_01-19-31.856,0,A1,none,none,Pats Wheat Root Growth,002-0001,data\images\Pats Wheat Root Growth_002-0001_A1_2019-06-11_01-19-31.856_0.tif,segment_angle,85.25970095632758,0
none,none,none,none,none,none,none,2019-06-11_02-19-07.865,0,A1,none,none,Pats Wheat Root Growth,002-0001,data\images\Pats Wheat Root Growth_002-0001_A1_2019-06-11_02-19-07.865_0.tif,segment_path_length,63.2634556889534,0
none,none,none,none,none,none,none,2019-06-11_02-19-07.865,0,A1,none,none,Pats Wheat Root Growth,002-0001,data\images\Pats Wheat Root Growth_002-0001_A1_2019-06-11_02-19-07.865_0.tif,segment_angle,-84.87521594756922,0
none,none,none,none,none,none,none,2019-06-11_03-19-05.538,0,A1,none,none,Pats Wheat Root Growth,002-0001,data\images\Pats Wheat Root Growth_002-0001_A1_2019-06-11_03-19-05.538_0.tif,segment_path_length,74.77817445993423,0
none,none,none,none,none,none,none,2019-06-11_03-19-05.538,0,A1,none,none,Pats Wheat Root Growth,002-0001,data\images\Pats Wheat Root Growth_002-0001_A1_2019-06-11_03-19-05.538_0.tif,segment_angle,-89.60312070237623,0
none,none,none,none,none,none,none,2019-06-11_04-19-03.454,0,A1,none,none,Pats Wheat Root Growth,002-0001,data\images\Pats Wheat Root Growth_002-0001_A1_2019-06-11_04-19-03.454_0.tif,segment_path_length,82.98528122901917,0
none,none,none,none,none,none,none,2019-06-11_04-19-03.454,0,A1,none,none,Pats Wheat Root Growth,002-0001,data\images\Pats Wheat Root Growth_002-0001_A1_2019-06-11_04-19-03.454_0.tif,segment_angle,-87.31514393420537,0
none,none,none,none,none,none,none,2019-06-11_05-19-46.525,0,A1,none,none,Pats Wheat Root Growth,002-0001,data\images\Pats Wheat Root Growth_002-0001_A1_2019-06-11_05-19-46.525_0.tif,segment_path_length,29.227921843528748,0
none,none,none,none,none,none,none,2019-06-11_05-19-46.525,0,A1,none,none,Pats Wheat Root Growth,002-0001,data\images\Pats Wheat Root Growth_002-0001_A1_2019-06-11_05-19-46.525_0.tif,segment_path_length,36.88477599620819,1
none,none,none,none,none,none,none,2019-06-11_05-19-46.525,0,A1,none,none,Pats Wheat Root Growth,002-0001,data\images\Pats Wheat Root Growth_002-0001_A1_2019-06-11_05-19-46.525_0.tif,segment_path_length,91.74264061450958,2
none,none,none,none,none,none,none,2019-06-11_05-19-46.525,0,A1,none,none,Pats Wheat Root Growth,002-0001,data\images\Pats Wheat Root Growth_002-0001_A1_2019-06-11_05-19-46.525_0.tif,segment_angle,20.364987651958398,0
none,none,none,none,none,none,none,2019-06-11_05-19-46.525,0,A1,none,none,Pats Wheat Root Growth,002-0001,data\images\Pats Wheat Root Growth_002-0001_A1_2019-06-11_05-19-46.525_0.tif,segment_angle,-20.854882970177563,1
none,none,none,none,none,none,none,2019-06-11_05-19-46.525,0,A1,none,none,Pats Wheat Root Growth,002-0001,data\images\Pats Wheat Root Growth_002-0001_A1_2019-06-11_05-19-46.525_0.tif,segment_angle,-88.17340501474166,2
none,none,none,none,none,none,none,2019-06-11_06-19-03.833,0,A1,none,none,Pats Wheat Root Growth,002-0001,data\images\Pats Wheat Root Growth_002-0001_A1_2019-06-11_06-19-03.833_0.tif,segment_path_length,48.71320307254791,0
none,none,none,none,none,none,none,2019-06-11_06-19-03.833,0,A1,none,none,Pats Wheat Root Growth,002-0001,data\images\Pats Wheat Root Growth_002-0001_A1_2019-06-11_06-19-03.833_0.tif,segment_path_length,53.955843687057495,1
none,none,none,none,none,none,none,2019-06-11_06-19-03.833,0,A1,none,none,Pats Wheat Root Growth,002-0001,data\images\Pats Wheat Root Growth_002-0001_A1_2019-06-11_06-19-03.833_0.tif,segment_path_length,117.15685415267944,2
none,none,none,none,none,none,none,2019-06-11_06-19-03.833,0,A1,none,none,Pats Wheat Root Growth,002-0001,data\images\Pats Wheat Root Growth_002-0001_A1_2019-06-11_06-19-03.833_0.tif,segment_angle,-17.866483963000224,0
none,none,none,none,none,none,none,2019-06-11_06-19-03.833,0,A1,none,none,Pats Wheat Root Growth,002-0001,data\images\Pats Wheat Root Growth_002-0001_A1_2019-06-11_06-19-03.833_0.tif,segment_angle,20.472542640818588,1
none,none,none,none,none,none,none,2019-06-11_06-19-03.833,0,A1,none,none,Pats Wheat Root Growth,002-0001,data\images\Pats Wheat Root Growth_002-0001_A1_2019-06-11_06-19-03.833_0.tif,segment_angle,-88.5321333801399,2
none,none,none,none,none,none,none,2019-06-11_07-19-08.461,0,A1,none,none,Pats Wheat Root Growth,002-0001,data\images\Pats Wheat Root Growth_002-0001_A1_2019-06-11_07-19-08.461_0.tif,segment_path_length,0.7071067690849304,0
none,none,none,none,none,none,none,2019-06-11_07-19-08.461,0,A1,none,none,Pats Wheat Root Growth,002-0001,data\images\Pats Wheat Root Growth_002-0001_A1_2019-06-11_07-19-08.461_0.tif,segment_path_length,6.914213538169861,1
none,none,none,none,none,none,none,2019-06-11_07-19-08.461,0,A1,none,none,Pats Wheat Root Growth,002-0001,data\images\Pats Wheat Root Growth_002-0001_A1_2019-06-11_07-19-08.461_0.tif,segment_path_length,57.370057225227356,2
none,none,none,none,none,none,none,2019-06-11_07-19-08.461,0,A1,none,none,Pats Wheat Root Growth,002-0001,data\images\Pats Wheat Root Growth_002-0001_A1_2019-06-11_07-19-08.461_0.tif,segment_path_length,62.40559107065201,3
none,none,none,none,none,none,none,2019-06-11_07-19-08.461,0,A1,none,none,Pats Wheat Root Growth,002-0001,data\images\Pats Wheat Root Growth_002-0001_A1_2019-06-11_07-19-08.461_0.tif,segment_path_length,134.1923879981041,4
none,none,none,none,none,none,none,2019-06-11_07-19-08.461,0,A1,none,none,Pats Wheat Root Growth,002-0001,data\images\Pats Wheat Root Growth_002-0001_A1_2019-06-11_07-19-08.461_0.tif,segment_angle,-45.00000125223908,0
none,none,none,none,none,none,none,2019-06-11_07-19-08.461,0,A1,none,none,Pats Wheat Root Growth,002-0001,data\images\Pats Wheat Root Growth_002-0001_A1_2019-06-11_07-19-08.461_0.tif,segment_angle,8.283871137671259,1
none,none,none,none,none,none,none,2019-06-11_07-19-08.461,0,A1,none,none,Pats Wheat Root Growth,002-0001,data\images\Pats Wheat Root Growth_002-0001_A1_2019-06-11_07-19-08.461_0.tif,segment_angle,-20.562503062376827,2
none,none,none,none,none,none,none,2019-06-11_07-19-08.461,0,A1,none,none,Pats Wheat Root Growth,002-0001,data\images\Pats Wheat Root Growth_002-0001_A1_2019-06-11_07-19-08.461_0.tif,segment_angle,21.768975724536833,3
none,none,none,none,none,none,none,2019-06-11_07-19-08.461,0,A1,none,none,Pats Wheat Root Growth,002-0001,data\images\Pats Wheat Root Growth_002-0001_A1_2019-06-11_07-19-08.461_0.tif,segment_angle,-89.24816943158902,4
none,none,none,none,none,none,none,2019-06-11_08-19-01.103,0,A1,none,none,Pats Wheat Root Growth,002-0001,data\images\Pats Wheat Root Growth_002-0001_A1_2019-06-11_08-19-01.103_0.tif,segment_path_length,80.97665876150131,0
none,none,none,none,none,none,none,2019-06-11_08-19-01.103,0,A1,none,none,Pats Wheat Root Growth,002-0001,data\images\Pats Wheat Root Growth_002-0001_A1_2019-06-11_08-19-01.103_0.tif,segment_path_length,75.64823168516159,1
none,none,none,none,none,none,none,2019-06-11_08-19-01.103,0,A1,none,none,Pats Wheat Root Growth,002-0001,data\images\Pats Wheat Root Growth_002-0001_A1_2019-06-11_08-19-01.103_0.tif,segment_path_length,154.22792184352875,2
none,none,none,none,none,none,none,2019-06-11_08-19-01.103,0,A1,none,none,Pats Wheat Root Growth,002-0001,data\images\Pats Wheat Root Growth_002-0001_A1_2019-06-11_08-19-01.103_0.tif,segment_angle,-21.098008676326046,0
none,none,none,none,none,none,none,2019-06-11_08-19-01.103,0,A1,none,none,Pats Wheat Root Growth,002-0001,data\images\Pats Wheat Root Growth_002-0001_A1_2019-06-11_08-19-01.103_0.tif,segment_angle,20.28423774049592,1
none,none,none,none,none,none,none,2019-06-11_08-19-01.103,0,A1,none,none,Pats Wheat Root Growth,002-0001,data\images\Pats Wheat Root Growth_002-0001_A1_2019-06-11_08-19-01.103_0.tif,segment_angle,-88.49618609453812,2
none,none,none,none,none,none,none,2019-06-11_09-19-06.521,0,A1,none,none,Pats Wheat Root Growth,002-0001,data\images\Pats Wheat Root Growth_002-0001_A1_2019-06-11_09-19-06.521_0.tif,segment_path_length,89.68376553058624,0
none,none,none,none,none,none,none,2019-06-11_09-19-06.521,0,A1,none,none,Pats Wheat Root Growth,002-0001,data\images\Pats Wheat Root Growth_002-0001_A1_2019-06-11_09-19-06.521_0.tif,segment_path_length,98.54772645235062,1
none,none,none,none,none,none,none,2019-06-11_09-19-06.521,0,A1,none,none,Pats Wheat Root Growth,002-0001,data\images\Pats Wheat Root Growth_002-0001_A1_2019-06-11_09-19-06.521_0.tif,segment_path_length,174.5710676908493,2
none,none,none,none,none,none,none,2019-06-11_09-19-06.521,0,A1,none,none,Pats Wheat Root Growth,002-0001,data\images\Pats Wheat Root Growth_002-0001_A1_2019-06-11_09-19-06.521_0.tif,segment_angle,19.517472166533828,0
none,none,none,none,none,none,none,2019-06-11_09-19-06.521,0,A1,none,none,Pats Wheat Root Growth,002-0001,data\images\Pats Wheat Root Growth_002-0001_A1_2019-06-11_09-19-06.521_0.tif,segment_angle,-19.73069188940141,1
none,none,none,none,none,none,none,2019-06-11_09-19-06.521,0,A1,none,none,Pats Wheat Root Growth,002-0001,data\images\Pats Wheat Root Growth_002-0001_A1_2019-06-11_09-19-06.521_0.tif,segment_angle,-88.60731327233422,2
none,none,none,none,none,none,none,2019-06-11_10-18-58.945,0,A1,none,none,Pats Wheat Root Growth,002-0001,data\images\Pats Wheat Root Growth_002-0001_A1_2019-06-11_10-18-58.945_0.tif,segment_path_length,102.04772645235062,0
none,none,none,none,none,none,none,2019-06-11_10-18-58.945,0,A1,none,none,Pats Wheat Root Growth,002-0001,data\images\Pats Wheat Root Growth_002-0001_A1_2019-06-11_10-18-58.945_0.tif,segment_path_length,100.34061968326569,1
none,none,none,none,none,none,none,2019-06-11_10-18-58.945,0,A1,none,none,Pats Wheat Root Growth,002-0001,data\images\Pats Wheat Root Growth_002-0001_A1_2019-06-11_10-18-58.945_0.tif,segment_path_length,185.36396092176437,2
none,none,none,none,none,none,none,2019-06-11_10-18-58.945,0,A1,none,none,Pats Wheat Root Growth,002-0001,data\images\Pats Wheat Root Growth_002-0001_A1_2019-06-11_10-18-58.945_0.tif,segment_angle,-19.470181644267953,0
none,none,none,none,none,none,none,2019-06-11_10-18-58.945,0,A1,none,none,Pats Wheat Root Growth,002-0001,data\images\Pats Wheat Root Growth_002-0001_A1_2019-06-11_10-18-58.945_0.tif,segment_angle,19.40767346053129,1
none,none,none,none,none,none,none,2019-06-11_10-18-58.945,0,A1,none,none,Pats Wheat Root Growth,002-0001,data\images\Pats Wheat Root Growth_002-0001_A1_2019-06-11_10-18-58.945_0.tif,segment_angle,-88.52602036083273,2
none,none,none,none,none,none,none,2019-06-11_11-19-38.020,0,A1,none,none,Pats Wheat Root Growth,002-0001,data\images\Pats Wheat Root Growth_002-0001_A1_2019-06-11_11-19-38.020_0.tif,segment_path_length,113.32590091228485,0
none,none,none,none,none,none,none,2019-06-11_11-19-38.020,0,A1,none,none,Pats Wheat Root Growth,002-0001,data\images\Pats Wheat Root Growth_002-0001_A1_2019-06-11_11-19-38.020_0.tif,segment_path_length,123.65432798862457,1
none,none,none,none,none,none,none,2019-06-11_11-19-38.020,0,A1,none,none,Pats Wheat Root Growth,002-0001,data\images\Pats Wheat Root Growth_002-0001_A1_2019-06-11_11-19-38.020_0.tif,segment_path_length,202.6421353816986,2
none,none,none,none,none,none,none,2019-06-11_11-19-38.020,0,A1,none,none,Pats Wheat Root Growth,002-0001,data\images\Pats Wheat Root Growth_002-0001_A1_2019-06-11_11-19-38.020_0.tif,segment_angle,-20.087670018824834,0
none,none,none,none,none,none,none,2019-06-11_11-19-38.020,0,A1,none,none,Pats Wheat Root Growth,002-0001,data\images\Pats Wheat Root Growth_002-0001_A1_2019-06-11_11-19-38.020_0.tif,segment_angle,18.980103618488492,1
none,none,none,none,none,none,none,2019-06-11_11-19-38.020,0,A1,none,none,Pats Wheat Root Growth,002-0001,data\images\Pats Wheat Root Growth_002-0001_A1_2019-06-11_11-19-38.020_0.tif,segment_angle,-88.610919612216,2
none,none,none,none,none,none,none,2019-06-11_12-19-01.665,0,A1,none,none,Pats Wheat Root Growth,002-0001,data\images\Pats Wheat Root Growth_002-0001_A1_2019-06-11_12-19-01.665_0.tif,segment_path_length,133.4827550649643,0
none,none,none,none,none,none,none,2019-06-11_12-19-01.665,0,A1,none,none,Pats Wheat Root Growth,002-0001,data\images\Pats Wheat Root Growth_002-0001_A1_2019-06-11_12-19-01.665_0.tif,segment_path_length,132.89696860313416,1
none,none,none,none,none,none,none,2019-06-11_12-19-01.665,0,A1,none,none,Pats Wheat Root Growth,002-0001,data\images\Pats Wheat Root Growth_002-0001_A1_2019-06-11_12-19-01.665_0.tif,segment_path_length,230.05634891986847,2
none,none,none,none,none,none,none,2019-06-11_12-19-01.665,0,A1,none,none,Pats Wheat Root Growth,002-0001,data\images\Pats Wheat Root Growth_002-0001_A1_2019-06-11_12-19-01.665_0.tif,segment_angle,17.898428757748373,0
none,none,none,none,none,none,none,2019-06-11_12-19-01.665,0,A1,none,none,Pats Wheat Root Growth,002-0001,data\images\Pats Wheat Root Growth_002-0001_A1_2019-06-11_12-19-01.665_0.tif,segment_angle,-20.391546842545992,1
none,none,none,none,none,none,none,2019-06-11_12-19-01.665,0,A1,none,none,Pats Wheat Root Growth,002-0001,data\images\Pats Wheat Root Growth_002-0001_A1_2019-06-11_12-19-01.665_0.tif,segment_angle,-89.28815335899027,2
none,none,none,none,none,none,none,2019-06-11_13-19-04.041,0,A1,none,none,Pats Wheat Root Growth,002-0001,data\images\Pats Wheat Root Growth_002-0001_A1_2019-06-11_13-19-04.041_0.tif,segment_path_length,146.31118214130402,0
none,none,none,none,none,none,none,2019-06-11_13-19-04.041,0,A1,none,none,Pats Wheat Root Growth,002-0001,data\images\Pats Wheat Root Growth_002-0001_A1_2019-06-11_13-19-04.041_0.tif,segment_path_length,142.72539567947388,1
none,none,none,none,none,none,none,2019-06-11_13-19-04.041,0,A1,none,none,Pats Wheat Root Growth,002-0001,data\images\Pats Wheat Root Growth_002-0001_A1_2019-06-11_13-19-04.041_0.tif,segment_path_length,252.7132030725479,2
none,none,none,none,none,none,none,2019-06-11_13-19-04.041,0,A1,none,none,Pats Wheat Root Growth,002-0001,data\images\Pats Wheat Root Growth_002-0001_A1_2019-06-11_13-19-04.041_0.tif,segment_angle,17.802179439511846,0
none,none,none,none,none,none,none,2019-06-11_13-19-04.041,0,A1,none,none,Pats Wheat Root Growth,002-0001,data\images\Pats Wheat Root Growth_002-0001_A1_2019-06-11_13-19-04.041_0.tif,segment_angle,-20.31541072386786,1
none,none,none,none,none,none,none,2019-06-11_13-19-04.041,0,A1,none,none,Pats Wheat Root Growth,002-0001,data\images\Pats Wheat Root Growth_002-0001_A1_2019-06-11_13-19-04.041_0.tif,segment_angle,-88.40549484273869,2
none,none,none,none,none,none,none,2019-06-11_14-19-08.977,0,A1,none,none,Pats Wheat Root Growth,002-0001,data\images\Pats Wheat Root Growth_002-0001_A1_2019-06-11_14-19-08.977_0.tif,segment_path_length,161.89696860313416,0
none,none,none,none,none,none,none,2019-06-11_14-19-08.977,0,A1,none,none,Pats Wheat Root Growth,002-0001,data\images\Pats Wheat Root Growth_002-0001_A1_2019-06-11_14-19-08.977_0.tif,segment_path_length,145.51828891038895,1
none,none,none,none,none,none,none,2019-06-11_14-19-08.977,0,A1,none,none,Pats Wheat Root Growth,002-0001,data\images\Pats Wheat Root Growth_002-0001_A1_2019-06-11_14-19-08.977_0.tif,segment_path_length,263.47056245803833,2
none,none,none,none,none,none,none,2019-06-11_14-19-08.977,0,A1,none,none,Pats Wheat Root Growth,002-0001,data\images\Pats Wheat Root Growth_002-0001_A1_2019-06-11_14-19-08.977_0.tif,segment_angle,16.189365163249445,0
none,none,none,none,none,none,none,2019-06-11_14-19-08.977,0,A1,none,none,Pats Wheat Root Growth,002-0001,data\images\Pats Wheat Root Growth_002-0001_A1_2019-06-11_14-19-08.977_0.tif,segment_angle,-19.45410679405633,1
none,none,none,none,none,none,none,2019-06-11_14-19-08.977,0,A1,none,none,Pats Wheat Root Growth,002-0001,data\images\Pats Wheat Root Growth_002-0001_A1_2019-06-11_14-19-08.977_0.tif,segment_angle,-89.28478607572946,2
none,none,none,none,none,none,none,2019-06-11_15-19-02.180,0,A1,none,none,Pats Wheat Root Growth,002-0001,data\images\Pats Wheat Root Growth_002-0001_A1_2019-06-11_15-19-02.180_0.tif,segment_path_length,172.34671598672867,0
none,none,none,none,none,none,none,2019-06-11_15-19-02.180,0,A1,none,none,Pats Wheat Root Growth,002-0001,data\images\Pats Wheat Root Growth_002-0001_A1_2019-06-11_15-19-02.180_0.tif,segment_path_length,163.91778367757797,1
none,none,none,none,none,none,none,2019-06-11_15-19-02.180,0,A1,none,none,Pats Wheat Root Growth,002-0001,data\images\Pats Wheat Root Growth_002-0001_A1_2019-06-11_15-19-02.180_0.tif,segment_path_length,286.399494767189,2
none,none,none,none,none,none,none,2019-06-11_15-19-02.180,0,A1,none,none,Pats Wheat Root Growth,002-0001,data\images\Pats Wheat Root Growth_002-0001_A1_2019-06-11_15-19-02.180_0.tif,segment_angle,16.066285154405815,0
none,none,none,none,none,none,none,2019-06-11_15-19-02.180,0,A1,none,none,Pats Wheat Root Growth,002-0001,data\images\Pats Wheat Root Growth_002-0001_A1_2019-06-11_15-19-02.180_0.tif,segment_angle,-19.5198934685946,1
none,none,none,none,none,none,none,2019-06-11_15-19-02.180,0,A1,none,none,Pats Wheat Root Growth,002-0001,data\images\Pats Wheat Root Growth_002-0001_A1_2019-06-11_15-19-02.180_0.tif,segment_angle,-89.90008366711005,2
none,none,none,none,none,none,none,2019-06-11_16-19-01.241,0,A1,none,none,Pats Wheat Root Growth,002-0001,data\images\Pats Wheat Root Growth_002-0001_A1_2019-06-11_16-19-01.241_0.tif,segment_path_length,193.6248904466629,0
none,none,none,none,none,none,none,2019-06-11_16-19-01.241,0,A1,none,none,Pats Wheat Root Growth,002-0001,data\images\Pats Wheat Root Growth_002-0001_A1_2019-06-11_16-19-01.241_0.tif,segment_path_length,186.47413259744644,1
none,none,none,none,none,none,none,2019-06-11_16-19-01.241,0,A1,none,none,Pats Wheat Root Growth,002-0001,data\images\Pats Wheat Root Growth_002-0001_A1_2019-06-11_16-19-01.241_0.tif,segment_path_length,314.05634891986847,2
none,none,none,none,none,none,none,2019-06-11_16-19-01.241,0,A1,none,none,Pats Wheat Root Growth,002-0001,data\images\Pats Wheat Root Growth_002-0001_A1_2019-06-11_16-19-01.241_0.tif,segment_angle,15.674182777175599,0
none,none,none,none,none,none,none,2019-06-11_16-19-01.241,0,A1,none,none,Pats Wheat Root Growth,002-0001,data\images\Pats Wheat Root Growth_002-0001_A1_2019-06-11_16-19-01.241_0.tif,segment_angle,-19.968782038584298,1
none,none,none,none,none,none,none,2019-06-11_16-19-01.241,0,A1,none,none,Pats Wheat Root Growth,002-0001,data\images\Pats Wheat Root Growth_002-0001_A1_2019-06-11_16-19-01.241_0.tif,segment_angle,89.98466189960232,2
none,none,none,none,none,none,none,2019-06-11_17-19-20.868,0,A1,none,none,Pats Wheat Root Growth,002-0001,data\images\Pats Wheat Root Growth_002-0001_A1_2019-06-11_17-19-20.868_0.tif,segment_path_length,200.38224983215332,0
none,none,none,none,none,none,none,2019-06-11_17-19-20.868,0,A1,none,none,Pats Wheat Root Growth,002-0001,data\images\Pats Wheat Root Growth_002-0001_A1_2019-06-11_17-19-20.868_0.tif,segment_path_length,204.54520028829575,1
none,none,none,none,none,none,none,2019-06-11_17-19-20.868,0,A1,none,none,Pats Wheat Root Growth,002-0001,data\images\Pats Wheat Root Growth_002-0001_A1_2019-06-11_17-19-20.868_0.tif,segment_path_length,335.8847759962082,2
none,none,none,none,none,none,none,2019-06-11_17-19-20.868,0,A1,none,none,Pats Wheat Root Growth,002-0001,data\images\Pats Wheat Root Growth_002-0001_A1_2019-06-11_17-19-20.868_0.tif,segment_angle,15.000251426865026,0
none,none,none,none,none,none,none,2019-06-11_17-19-20.868,0,A1,none,none,Pats Wheat Root Growth,002-0001,data\images\Pats Wheat Root Growth_002-0001_A1_2019-06-11_17-19-20.868_0.tif,segment_angle,-20.283985023496633,1
none,none,none,none,none,none,none,2019-06-11_17-19-20.868,0,A1,none,none,Pats Wheat Root Growth,002-0001,data\images\Pats Wheat Root Growth_002-0001_A1_2019-06-11_17-19-20.868_0.tif,segment_angle,89.40577604668705,2
none,none,none,none,none,none,none,2019-06-11_18-19-02.588,0,A1,none,none,Pats Wheat Root Growth,002-0001,data\images\Pats Wheat Root Growth_002-0001_A1_2019-06-11_18-19-02.588_0.tif,segment_path_length,210.86753106117249,0
none,none,none,none,none,none,none,2019-06-11_18-19-02.588,0,A1,none,none,Pats Wheat Root Growth,002-0001,data\images\Pats Wheat Root Growth_002-0001_A1_2019-06-11_18-19-02.588_0.tif,segment_path_length,225.1518018245697,1
none,none,none,none,none,none,none,2019-06-11_18-19-02.588,0,A1,none,none,Pats Wheat Root Growth,002-0001,data\images\Pats Wheat Root Growth_002-0001_A1_2019-06-11_18-19-02.588_0.tif,segment_path_length,360.506096303463,2
none,none,none,none,none,none,none,2019-06-11_18-19-02.588,0,A1,none,none,Pats Wheat Root Growth,002-0001,data\images\Pats Wheat Root Growth_002-0001_A1_2019-06-11_18-19-02.588_0.tif,segment_angle,15.10640451939807,0
none,none,none,none,none,none,none,2019-06-11_18-19-02.588,0,A1,none,none,Pats Wheat Root Growth,002-0001,data\images\Pats Wheat Root Growth_002-0001_A1_2019-06-11_18-19-02.588_0.tif,segment_angle,-20.42096446730124,1
none,none,none,none,none,none,none,2019-06-11_18-19-02.588,0,A1,none,none,Pats Wheat Root Growth,002-0001,data\images\Pats Wheat Root Growth_002-0001_A1_2019-06-11_18-19-02.588_0.tif,segment_angle,89.12747315876572,2
none,none,none,none,none,none,none,2019-06-11_19-19-04.316,0,A1,none,none,Pats Wheat Root Growth,002-0001,data\images\Pats Wheat Root Growth_002-0001_A1_2019-06-11_19-19-04.316_0.tif,segment_path_length,1.9142135381698608,0
none,none,none,none,none,none,none,2019-06-11_19-19-04.316,0,A1,none,none,Pats Wheat Root Growth,002-0001,data\images\Pats Wheat Root Growth_002-0001_A1_2019-06-11_19-19-04.316_0.tif,segment_path_length,6.7426406145095825,1
none,none,none,none,none,none,none,2019-06-11_19-19-04.316,0,A1,none,none,Pats Wheat Root Growth,002-0001,data\images\Pats Wheat Root Growth_002-0001_A1_2019-06-11_19-19-04.316_0.tif,segment_path_length,231.11017167568207,2
none,none,none,none,none,none,none,2019-06-11_19-19-04.316,0,A1,none,none,Pats Wheat Root Growth,002-0001,data\images\Pats Wheat Root Growth_002-0001_A1_2019-06-11_19-19-04.316_0.tif,segment_path_length,241.8441898226738,3
none,none,none,none,none,none,none,2019-06-11_19-19-04.316,0,A1,none,none,Pats Wheat Root Growth,002-0001,data\images\Pats Wheat Root Growth_002-0001_A1_2019-06-11_19-19-04.316_0.tif,segment_path_length,382.37005722522736,4
none,none,none,none,none,none,none,2019-06-11_19-19-04.316,0,A1,none,none,Pats Wheat Root Growth,002-0001,data\images\Pats Wheat Root Growth_002-0001_A1_2019-06-11_19-19-04.316_0.tif,segment_angle,-61.0026939303775,0
none,none,none,none,none,none,none,2019-06-11_19-19-04.316,0,A1,none,none,Pats Wheat Root Growth,002-0001,data\images\Pats Wheat Root Growth_002-0001_A1_2019-06-11_19-19-04.316_0.tif,segment_angle,14.274876799273208,1
none,none,none,none,none,none,none,2019-06-11_19-19-04.316,0,A1,none,none,Pats Wheat Root Growth,002-0001,data\images\Pats Wheat Root Growth_002-0001_A1_2019-06-11_19-19-04.316_0.tif,segment_angle,14.580853906164148,2
none,none,none,none,none,none,none,2019-06-11_19-19-04.316,0,A1,none,none,Pats Wheat Root Growth,002-0001,data\images\Pats Wheat Root Growth_002-0001_A1_2019-06-11_19-19-04.316_0.tif,segment_angle,-21.063324975720718,3
none,none,none,none,none,none,none,2019-06-11_19-19-04.316,0,A1,none,none,Pats Wheat Root Growth,002-0001,data\images\Pats Wheat Root Growth_002-0001_A1_2019-06-11_19-19-04.316_0.tif,segment_angle,88.67357976766169,4
none,none,none,none,none,none,none,2019-06-11_20-19-03.144,0,A1,none,none,Pats Wheat Root Growth,002-0001,data\images\Pats Wheat Root Growth_002-0001_A1_2019-06-11_20-19-03.144_0.tif,segment_path_length,242.7670258283615,0
none,none,none,none,none,none,none,2019-06-11_20-19-03.144,0,A1,none,none,Pats Wheat Root Growth,002-0001,data\images\Pats Wheat Root Growth_002-0001_A1_2019-06-11_20-19-03.144_0.tif,segment_path_length,263.2436845898628,1
none,none,none,none,none,none,none,2019-06-11_20-19-03.144,0,A1,none,none,Pats Wheat Root Growth,002-0001,data\images\Pats Wheat Root Growth_002-0001_A1_2019-06-11_20-19-03.144_0.tif,segment_path_length,396.23401814699173,2
none,none,none,none,none,none,none,2019-06-11_20-19-03.144,0,A1,none,none,Pats Wheat Root Growth,002-0001,data\images\Pats Wheat Root Growth_002-0001_A1_2019-06-11_20-19-03.144_0.tif,segment_angle,14.38641549596681,0
none,none,none,none,none,none,none,2019-06-11_20-19-03.144,0,A1,none,none,Pats Wheat Root Growth,002-0001,data\images\Pats Wheat Root Growth_002-0001_A1_2019-06-11_20-19-03.144_0.tif,segment_angle,-20.815252505065857,1
none,none,none,none,none,none,none,2019-06-11_20-19-03.144,0,A1,none,none,Pats Wheat Root Growth,002-0001,data\images\Pats Wheat Root Growth_002-0001_A1_2019-06-11_20-19-03.144_0.tif,segment_angle,88.21501452716538,2
none,none,none,none,none,none,none,2019-06-11_21-19-03.829,0,A1,none,none,Pats Wheat Root Growth,002-0001,data\images\Pats Wheat Root Growth_002-0001_A1_2019-06-11_21-19-03.829_0.tif,segment_path_length,260.5096664428711,0
none,none,none,none,none,none,none,2019-06-11_21-19-03.829,0,A1,none,none,Pats Wheat Root Growth,002-0001,data\images\Pats Wheat Root Growth_002-0001_A1_2019-06-11_21-19-03.829_0.tif,segment_path_length,287.47160643339157,1
none,none,none,none,none,none,none,2019-06-11_21-19-03.829,0,A1,none,none,Pats Wheat Root Growth,002-0001,data\images\Pats Wheat Root Growth_002-0001_A1_2019-06-11_21-19-03.829_0.tif,segment_path_length,422.2695519924164,2
none,none,none,none,none,none,none,2019-06-11_21-19-03.829,0,A1,none,none,Pats Wheat Root Growth,002-0001,data\images\Pats Wheat Root Growth_002-0001_A1_2019-06-11_21-19-03.829_0.tif,segment_angle,14.043600617561054,0
none,none,none,none,none,none,none,2019-06-11_21-19-03.829,0,A1,none,none,Pats Wheat Root Growth,002-0001,data\images\Pats Wheat Root Growth_002-0001_A1_2019-06-11_21-19-03.829_0.tif,segment_angle,-21.19191182458267,1
none,none,none,none,none,none,none,2019-06-11_21-19-03.829,0,A1,none,none,Pats Wheat Root Growth,002-0001,data\images\Pats Wheat Root Growth_002-0001_A1_2019-06-11_21-19-03.829_0.tif,segment_angle,87.72752343553405,2
none,none,none,none,none,none,none,2019-06-11_22-19-04.354,0,A1,none,none,Pats Wheat Root Growth,002-0001,data\images\Pats Wheat Root Growth_002-0001_A1_2019-06-11_22-19-04.354_0.tif,segment_path_length,280.7878409028053,0
none,none,none,none,none,none,none,2019-06-11_22-19-04.354,0,A1,none,none,Pats Wheat Root Growth,002-0001,data\images\Pats Wheat Root Growth_002-0001_A1_2019-06-11_22-19-04.354_0.tif,segment_path_length,298.71424704790115,1
none,none,none,none,none,none,none,2019-06-11_22-19-04.354,0,A1,none,none,Pats Wheat Root Growth,002-0001,data\images\Pats Wheat Root Growth_002-0001_A1_2019-06-11_22-19-04.354_0.tif,segment_path_length,448.51219260692596,2
none,none,none,none,none,none,none,2019-06-11_22-19-04.354,0,A1,none,none,Pats Wheat Root Growth,002-0001,data\images\Pats Wheat Root Growth_002-0001_A1_2019-06-11_22-19-04.354_0.tif,segment_angle,13.887128667638878,0
none,none,none,none,none,none,none,2019-06-11_22-19-04.354,0,A1,none,none,Pats Wheat Root Growth,002-0001,data\images\Pats Wheat Root Growth_002-0001_A1_2019-06-11_22-19-04.354_0.tif,segment_angle,-20.975577535453567,1
none,none,none,none,none,none,none,2019-06-11_22-19-04.354,0,A1,none,none,Pats Wheat Root Growth,002-0001,data\images\Pats Wheat Root Growth_002-0001_A1_2019-06-11_22-19-04.354_0.tif,segment_angle,87.70425298103181,2
none,none,none,none,none,none,none,2019-06-11_23-19-41.083,0,A1,none,none,Pats Wheat Root Growth,002-0001,data\images\Pats Wheat Root Growth_002-0001_A1_2019-06-11_23-19-41.083_0.tif,segment_path_length,301.9091612100601,0
none,none,none,none,none,none,none,2019-06-11_23-19-41.083,0,A1,none,none,Pats Wheat Root Growth,002-0001,data\images\Pats Wheat Root Growth_002-0001_A1_2019-06-11_23-19-41.083_0.tif,segment_path_length,341.9629839658737,1
none,none,none,none,none,none,none,2019-06-11_23-19-41.083,0,A1,none,none,Pats Wheat Root Growth,002-0001,data\images\Pats Wheat Root Growth_002-0001_A1_2019-06-11_23-19-41.083_0.tif,segment_path_length,482.7192993760109,2
none,none,none,none,none,none,none,2019-06-11_23-19-41.083,0,A1,none,none,Pats Wheat Root Growth,002-0001,data\images\Pats Wheat Root Growth_002-0001_A1_2019-06-11_23-19-41.083_0.tif,segment_angle,13.591472830357475,0
none,none,none,none,none,none,none,2019-06-11_23-19-41.083,0,A1,none,none,Pats Wheat Root Growth,002-0001,data\images\Pats Wheat Root Growth_002-0001_A1_2019-06-11_23-19-41.083_0.tif,segment_angle,-21.66777622669934,1
none,none,none,none,none,none,none,2019-06-11_23-19-41.083,0,A1,none,none,Pats Wheat Root Growth,002-0001,data\images\Pats Wheat Root Growth_002-0001_A1_2019-06-11_23-19-41.083_0.tif,segment_angle,87.20983607758211,2
none,none,none,none,none,none,none,2019-06-12_00-19-05.294,0,A1,none,none,Pats Wheat Root Growth,002-0001,data\images\Pats Wheat Root Growth_002-0001_A1_2019-06-12_00-19-05.294_0.tif,segment_path_length,317.9091612100601,0
none,none,none,none,none,none,none,2019-06-12_00-19-05.294,0,A1,none,none,Pats Wheat Root Growth,002-0001,data\images\Pats Wheat Root Growth_002-0001_A1_2019-06-12_00-19-05.294_0.tif,segment_path_length,346.49851781129837,1
none,none,none,none,none,none,none,2019-06-12_00-19-05.294,0,A1,none,none,Pats Wheat Root Growth,002-0001,data\images\Pats Wheat Root Growth_002-0001_A1_2019-06-12_00-19-05.294_0.tif,segment_path_length,514.7253956794739,2
none,none,none,none,none,none,none,2019-06-12_00-19-05.294,0,A1,none,none,Pats Wheat Root Growth,002-0001,data\images\Pats Wheat Root Growth_002-0001_A1_2019-06-12_00-19-05.294_0.tif,segment_angle,13.229687955305653,0
none,none,none,none,none,none,none,2019-06-12_00-19-05.294,0,A1,none,none,Pats Wheat Root Growth,002-0001,data\images\Pats Wheat Root Growth_002-0001_A1_2019-06-12_00-19-05.294_0.tif,segment_angle,-21.85793893847625,1
none,none,none,none,none,none,none,2019-06-12_00-19-05.294,0,A1,none,none,Pats Wheat Root Growth,002-0001,data\images\Pats Wheat Root Growth_002-0001_A1_2019-06-12_00-19-05.294_0.tif,segment_angle,86.34599473249392,2
none,none,none,none,none,none,none,2019-06-12_01-19-52.509,0,A1,none,none,Pats Wheat Root Growth,002-0001,data\images\Pats Wheat Root Growth_002-0001_A1_2019-06-12_01-19-52.509_0.tif,segment_path_length,337.18733566999435,0
none,none,none,none,none,none,none,2019-06-12_01-19-52.509,0,A1,none,none,Pats Wheat Root Growth,002-0001,data\images\Pats Wheat Root Growth_002-0001_A1_2019-06-12_01-19-52.509_0.tif,segment_path_length,375.140653192997,1
none,none,none,none,none,none,none,2019-06-12_01-19-52.509,0,A1,none,none,Pats Wheat Root Growth,002-0001,data\images\Pats Wheat Root Growth_002-0001_A1_2019-06-12_01-19-52.509_0.tif,segment_path_length,537.7253956794739,2
none,none,none,none,none,none,none,2019-06-12_01-19-52.509,0,A1,none,none,Pats Wheat Root Growth,002-0001,data\images\Pats Wheat Root Growth_002-0001_A1_2019-06-12_01-19-52.509_0.tif,segment_angle,13.24014582869859,0
none,none,none,none,none,none,none,2019-06-12_01-19-52.509,0,A1,none,none,Pats Wheat Root Growth,002-0001,data\images\Pats Wheat Root Growth_002-0001_A1_2019-06-12_01-19-52.509_0.tif,segment_angle,-21.93786239704915,1
none,none,none,none,none,none,none,2019-06-12_01-19-52.509,0,A1,none,none,Pats Wheat Root Growth,002-0001,data\images\Pats Wheat Root Growth_002-0001_A1_2019-06-12_01-19-52.509_0.tif,segment_angle,86.01723723717369,2
none,none,none,none,none,none,none,2019-06-12_02-19-09.062,0,A1,none,none,Pats Wheat Root Growth,002-0001,data\images\Pats Wheat Root Growth_002-0001_A1_2019-06-12_02-19-09.062_0.tif,segment_path_length,362.0512965917587,0
none,none,none,none,none,none,none,2019-06-12_02-19-09.062,0,A1,none,none,Pats Wheat Root Growth,002-0001,data\images\Pats Wheat Root Growth_002-0001_A1_2019-06-12_02-19-09.062_0.tif,segment_path_length,396.8330411911011,1
none,none,none,none,none,none,none,2019-06-12_02-19-09.062,0,A1,none,none,Pats Wheat Root Growth,002-0001,data\images\Pats Wheat Root Growth_002-0001_A1_2019-06-12_02-19-09.062_0.tif,segment_path_length,560.2462107539177,2
none,none,none,none,none,none,none,2019-06-12_02-19-09.062,0,A1,none,none,Pats Wheat Root Growth,002-0001,data\images\Pats Wheat Root Growth_002-0001_A1_2019-06-12_02-19-09.062_0.tif,segment_angle,13.145909708719923,0
none,none,none,none,none,none,none,2019-06-12_02-19-09.062,0,A1,none,none,Pats Wheat Root Growth,002-0001,data\images\Pats Wheat Root Growth_002-0001_A1_2019-06-12_02-19-09.062_0.tif,segment_angle,-22.22682550271759,1
none,none,none,none,none,none,none,2019-06-12_02-19-09.062,0,A1,none,none,Pats Wheat Root Growth,002-0001,data\images\Pats Wheat Root Growth_002-0001_A1_2019-06-12_02-19-09.062_0.tif,segment_angle,86.07148259956193,2
none,none,none,none,none,none,none,2019-06-12_03-19-14.691,0,A1,none,none,Pats Wheat Root Growth,002-0001,data\images\Pats Wheat Root Growth_002-0001_A1_2019-06-12_03-19-14.691_0.tif,segment_path_length,380.2939372062683,0
none,none,none,none,none,none,none,2019-06-12_03-19-14.691,0,A1,none,none,Pats Wheat Root Growth,002-0001,data\images\Pats Wheat Root Growth_002-0001_A1_2019-06-12_03-19-14.691_0.tif,segment_path_length,412.4751765727997,1
none,none,none,none,none,none,none,2019-06-12_03-19-14.691,0,A1,none,none,Pats Wheat Root Growth,002-0001,data\images\Pats Wheat Root Growth_002-0001_A1_2019-06-12_03-19-14.691_0.tif,segment_path_length,575.5893566012383,2
none,none,none,none,none,none,none,2019-06-12_03-19-14.691,0,A1,none,none,Pats Wheat Root Growth,002-0001,data\images\Pats Wheat Root Growth_002-0001_A1_2019-06-12_03-19-14.691_0.tif,segment_angle,12.979886593017131,0
none,none,none,none,none,none,none,2019-06-12_03-19-14.691,0,A1,none,none,Pats Wheat Root Growth,002-0001,data\images\Pats Wheat Root Growth_002-0001_A1_2019-06-12_03-19-14.691_0.tif,segment_angle,-22.321199934026946,1
none,none,none,none,none,none,none,2019-06-12_03-19-14.691,0,A1,none,none,Pats Wheat Root Growth,002-0001,data\images\Pats Wheat Root Growth_002-0001_A1_2019-06-12_03-19-14.691_0.tif,segment_angle,85.77087231381134,2
none,none,none,none,none,none,none,2019-06-12_04-19-01.977,0,A1,none,none,Pats Wheat Root Growth,002-0001,data\images\Pats Wheat Root Growth_002-0001_A1_2019-06-12_04-19-01.977_0.tif,segment_path_length,397.3650048971176,0
none,none,none,none,none,none,none,2019-06-12_04-19-01.977,0,A1,none,none,Pats Wheat Root Growth,002-0001,data\images\Pats Wheat Root Growth_002-0001_A1_2019-06-12_04-19-01.977_0.tif,segment_path_length,432.28888487815857,1
none,none,none,none,none,none,none,2019-06-12_04-19-01.977,0,A1,none,none,Pats Wheat Root Growth,002-0001,data\images\Pats Wheat Root Growth_002-0001_A1_2019-06-12_04-19-01.977_0.tif,segment_path_length,619.7670258283615,2
none,none,none,none,none,none,none,2019-06-12_04-19-01.977,0,A1,none,none,Pats Wheat Root Growth,002-0001,data\images\Pats Wheat Root Growth_002-0001_A1_2019-06-12_04-19-01.977_0.tif,segment_angle,12.867124438688453,0
none,none,none,none,none,none,none,2019-06-12_04-19-01.977,0,A1,none,none,Pats Wheat Root Growth,002-0001,data\images\Pats Wheat Root Growth_002-0001_A1_2019-06-12_04-19-01.977_0.tif,segment_angle,-22.585664858689842,1
none,none,none,none,none,none,none,2019-06-12_04-19-01.977,0,A1,none,none,Pats Wheat Root Growth,002-0001,data\images\Pats Wheat Root Growth_002-0001_A1_2019-06-12_04-19-01.977_0.tif,segment_angle,85.63340792657566,2
none,none,none,none,none,none,none,2019-06-12_05-19-43.499,0,A1,none,none,Pats Wheat Root Growth,002-0001,data\images\Pats Wheat Root Growth_002-0001_A1_2019-06-12_05-19-43.499_0.tif,segment_path_length,5.328427076339722,0
none,none,none,none,none,none,none,2019-06-12_05-19-43.499,0,A1,none,none,Pats Wheat Root Growth,002-0001,data\images\Pats Wheat Root Growth_002-0001_A1_2019-06-12_05-19-43.499_0.tif,segment_path_length,420.6076455116272,1
none,none,none,none,none,none,none,2019-06-12_05-19-43.499,0,A1,none,none,Pats Wheat Root Growth,002-0001,data\images\Pats Wheat Root Growth_002-0001_A1_2019-06-12_05-19-43.499_0.tif,segment_path_length,463.5020879507065,2
none,none,none,none,none,none,none,2019-06-12_05-19-43.499,0,A1,none,none,Pats Wheat Root Growth,002-0001,data\images\Pats Wheat Root Growth_002-0001_A1_2019-06-12_05-19-43.499_0.tif,segment_path_length,643.7314919829369,3
none,none,none,none,none,none,none,2019-06-12_05-19-43.499,0,A1,none,none,Pats Wheat Root Growth,002-0001,data\images\Pats Wheat Root Growth_002-0001_A1_2019-06-12_05-19-43.499_0.tif,segment_angle,-0.0,0
none,none,none,none,none,none,none,2019-06-12_05-19-43.499,0,A1,none,none,Pats Wheat Root Growth,002-0001,data\images\Pats Wheat Root Growth_002-0001_A1_2019-06-12_05-19-43.499_0.tif,segment_angle,12.862710428937332,1
none,none,none,none,none,none,none,2019-06-12_05-19-43.499,0,A1,none,none,Pats Wheat Root Growth,002-0001,data\images\Pats Wheat Root Growth_002-0001_A1_2019-06-12_05-19-43.499_0.tif,segment_angle,-22.96969224477381,2
none,none,none,none,none,none,none,2019-06-12_05-19-43.499,0,A1,none,none,Pats Wheat Root Growth,002-0001,data\images\Pats Wheat Root Growth_002-0001_A1_2019-06-12_05-19-43.499_0.tif,segment_angle,85.22601446334107,3
none,none,none,none,none,none,none,2019-06-12_06-19-02.038,0,A1,none,none,Pats Wheat Root Growth,002-0001,data\images\Pats Wheat Root Growth_002-0001_A1_2019-06-12_06-19-02.038_0.tif,segment_path_length,439.6076455116272,0
none,none,none,none,none,none,none,2019-06-12_06-19-02.038,0,A1,none,none,Pats Wheat Root Growth,002-0001,data\images\Pats Wheat Root Growth_002-0001_A1_2019-06-12_06-19-02.038_0.tif,segment_path_length,482.5731556415558,1
none,none,none,none,none,none,none,2019-06-12_06-19-02.038,0,A1,none,none,Pats Wheat Root Growth,002-0001,data\images\Pats Wheat Root Growth_002-0001_A1_2019-06-12_06-19-02.038_0.tif,segment_path_length,658.1101716756821,2
none,none,none,none,none,none,none,2019-06-12_06-19-02.038,0,A1,none,none,Pats Wheat Root Growth,002-0001,data\images\Pats Wheat Root Growth_002-0001_A1_2019-06-12_06-19-02.038_0.tif,segment_angle,12.500202407607135,0
none,none,none,none,none,none,none,2019-06-12_06-19-02.038,0,A1,none,none,Pats Wheat Root Growth,002-0001,data\images\Pats Wheat Root Growth_002-0001_A1_2019-06-12_06-19-02.038_0.tif,segment_angle,-22.87396031336691,1
none,none,none,none,none,none,none,2019-06-12_06-19-02.038,0,A1,none,none,Pats Wheat Root Growth,002-0001,data\images\Pats Wheat Root Growth_002-0001_A1_2019-06-12_06-19-02.038_0.tif,segment_angle,85.22886265222498,2
none,none,none,none,none,none,none,2019-06-12_07-19-04.389,0,A1,none,none,Pats Wheat Root Growth,002-0001,data\images\Pats Wheat Root Growth_002-0001_A1_2019-06-12_07-19-04.389_0.tif,segment_path_length,458.6076455116272,0
none,none,none,none,none,none,none,2019-06-12_07-19-04.389,0,A1,none,none,Pats Wheat Root Growth,002-0001,data\images\Pats Wheat Root Growth_002-0001_A1_2019-06-12_07-19-04.389_0.tif,segment_path_length,505.80107748508453,1
none,none,none,none,none,none,none,2019-06-12_07-19-04.389,0,A1,none,none,Pats Wheat Root Growth,002-0001,data\images\Pats Wheat Root Growth_002-0001_A1_2019-06-12_07-19-04.389_0.tif,segment_path_length,683.5954529047012,2
none,none,none,none,none,none,none,2019-06-12_07-19-04.389,0,A1,none,none,Pats Wheat Root Growth,002-0001,data\images\Pats Wheat Root Growth_002-0001_A1_2019-06-12_07-19-04.389_0.tif,segment_angle,12.069521414397396,0
none,none,none,none,none,none,none,2019-06-12_07-19-04.389,0,A1,none,none,Pats Wheat Root Growth,002-0001,data\images\Pats Wheat Root Growth_002-0001_A1_2019-06-12_07-19-04.389_0.tif,segment_angle,-23.089019064668516,1
none,none,none,none,none,none,none,2019-06-12_07-19-04.389,0,A1,none,none,Pats Wheat Root Growth,002-0001,data\images\Pats Wheat Root Growth_002-0001_A1_2019-06-12_07-19-04.389_0.tif,segment_angle,84.87805047607478,2
none,none,none,none,none,none,none,2019-06-12_08-19-05.045,0,A1,none,none,Pats Wheat Root Growth,002-0001,data\images\Pats Wheat Root Growth_002-0001_A1_2019-06-12_08-19-05.045_0.tif,segment_path_length,475.728965818882,0
none,none,none,none,none,none,none,2019-06-12_08-19-05.045,0,A1,none,none,Pats Wheat Root Growth,002-0001,data\images\Pats Wheat Root Growth_002-0001_A1_2019-06-12_08-19-05.045_0.tif,segment_path_length,534.7213873267174,1
none,none,none,none,none,none,none,2019-06-12_08-19-05.045,0,A1,none,none,Pats Wheat Root Growth,002-0001,data\images\Pats Wheat Root Growth_002-0001_A1_2019-06-12_08-19-05.045_0.tif,segment_path_length,710.423879981041,2
none,none,none,none,none,none,none,2019-06-12_08-19-05.045,0,A1,none,none,Pats Wheat Root Growth,002-0001,data\images\Pats Wheat Root Growth_002-0001_A1_2019-06-12_08-19-05.045_0.tif,segment_angle,11.861360300383858,0
none,none,none,none,none,none,none,2019-06-12_08-19-05.045,0,A1,none,none,Pats Wheat Root Growth,002-0001,data\images\Pats Wheat Root Growth_002-0001_A1_2019-06-12_08-19-05.045_0.tif,segment_angle,-23.294684598314063,1
none,none,none,none,none,none,none,2019-06-12_08-19-05.045,0,A1,none,none,Pats Wheat Root Growth,002-0001,data\images\Pats Wheat Root Growth_002-0001_A1_2019-06-12_08-19-05.045_0.tif,segment_angle,84.70551989764026,2
none,none,none,none,none,none,none,2019-06-12_09-20-02.277,0,A1,none,none,Pats Wheat Root Growth,002-0001,data\images\Pats Wheat Root Growth_002-0001_A1_2019-06-12_09-20-02.277_0.tif,segment_path_length,499.02185904979706,0
none,none,none,none,none,none,none,2019-06-12_09-20-02.277,0,A1,none,none,Pats Wheat Root Growth,002-0001,data\images\Pats Wheat Root Growth_002-0001_A1_2019-06-12_09-20-02.277_0.tif,segment_path_length,547.964027941227,1
none,none,none,none,none,none,none,2019-06-12_09-20-02.277,0,A1,none,none,Pats Wheat Root Growth,002-0001,data\images\Pats Wheat Root Growth_002-0001_A1_2019-06-12_09-20-02.277_0.tif,segment_path_length,724.6665205955505,2
none,none,none,none,none,none,none,2019-06-12_09-20-02.277,0,A1,none,none,Pats Wheat Root Growth,002-0001,data\images\Pats Wheat Root Growth_002-0001_A1_2019-06-12_09-20-02.277_0.tif,segment_angle,11.451625789811255,0
none,none,none,none,none,none,none,2019-06-12_09-20-02.277,0,A1,none,none,Pats Wheat Root Growth,002-0001,data\images\Pats Wheat Root Growth_002-0001_A1_2019-06-12_09-20-02.277_0.tif,segment_angle,-23.426732645537918,1
none,none,none,none,none,none,none,2019-06-12_09-20-02.277,0,A1,none,none,Pats Wheat Root Growth,002-0001,data\images\Pats Wheat Root Growth_002-0001_A1_2019-06-12_09-20-02.277_0.tif,segment_angle,84.61539555154194,2
